{
  "R": 4,
  "N": 24,
  "M": 3,
  "H": 12,
  "Delta": 10.000000,
  "objective": 58.379712,
  "baseline": "OURS_20_0"
}
