{
  "R": 4,
  "N": 20,
  "M": 3,
  "H": 12,
  "Delta": 10.000000,
  "objective": 35.000000,
  "baseline": "OURS_20_0"
}
