{
  "R": 4,
  "N": 24,
  "M": 3,
  "H": 12,
  "Delta": 10.000000,
  "objective": 45.000000,
  "baseline": "OURS_20_1"
}
